id;time_instant;descripcion;procedimiento
1;2020-04-26T10:17:37;Gourde US Dollar;projection Cambridgeshire
2;2020-04-26T19:19:09;Tanzania;e-services Rwanda Franc
3;2020-04-26T00:42:37;Auto Loan Account zero administration;mobile teal
4;2020-04-26T08:44:53;Awesome;Ergonomic Frozen Soap overriding
5;2020-04-26T17:43:43;bandwidth Iowa Designer;implementation
6;2020-04-26T10:11:15;lime Ergonomic;Stream olive
7;2020-04-26T02:15:44;Computer;Saint Vincent and the Grenadines
8;2020-04-26T20:35:58;SSL;Principal Concrete
9;2020-04-25T22:20:45;extensible;Investment Account Yemeni Rial
10;2020-04-26T07:28:02;Product Walk;Corporate hacking web services
