id;comentario;fecha;estado
1;Pakistan Rupee deliver;2020-04-25T22:05:50;Soap
2;web-readiness;2020-04-26T07:29:06;Nigeria fresh-thinking
3;supply-chains invoice human-resource;2020-04-25T22:36:30;Buckinghamshire
4;strategy;2020-04-26T14:29:44;Personal Loan Account
5;bus Sweden protocol;2020-04-26T00:41:51;Ergonomic
6;Practical Frozen Soap paradigms;2020-04-26T09:47:00;relationships Sharable
7;Lodge enable;2020-04-26T03:21:52;Unbranded Plastic Tuna Car
8;deposit homogeneous Web;2020-04-26T06:46:02;Dynamic Coordinator
9;Turnpike Paradigm;2020-04-26T17:13:31;firewall
10;Borders Idaho;2020-04-26T12:06:27;Steel firewall mesh
