id;fecha_nacimiento;genero;telefono;pais;ciudad;direccion;image;image_content_type
1;2020-04-26;pricing structure;20978;Applications Manager;Automotive haptic;task-force cultivate Generic;../fake-data/blob/hipster.png;image/png
2;2020-04-26;Quality;36015;back-end Visionary;optimize Borders;1080p;../fake-data/blob/hipster.png;image/png
3;2020-04-26;backing up Berkshire Shoes;34504;leading-edge turquoise;Multi-channelled deposit tan;multi-byte;../fake-data/blob/hipster.png;image/png
4;2020-04-26;applications;80011;Mississippi Officer;Bedfordshire;Home Loan Account;../fake-data/blob/hipster.png;image/png
5;2020-04-26;firmware;84006;Rustic Fresh Soap;bluetooth;payment;../fake-data/blob/hipster.png;image/png
6;2020-04-26;Hollow;31007;multi-byte;Industrial Refined intuitive;Multi-layered generate;../fake-data/blob/hipster.png;image/png
7;2020-04-26;Home;20052;scale;directional Money Market Account Fish;CFA Franc BEAC;../fake-data/blob/hipster.png;image/png
8;2020-04-26;scale index;10825;knowledge base;SQL;Engineer;../fake-data/blob/hipster.png;image/png
9;2020-04-26;Internal Branding Avon;40981;Valley Saint Martin synthesize;Plastic invoice Comoros;Throughway;../fake-data/blob/hipster.png;image/png
10;2020-04-26;Applications;37183;Station plug-and-play;Mount;executive Licensed monitor;../fake-data/blob/hipster.png;image/png
